# 校园二手交易平台------campus_sec_deal测试脚本--------------------------------------
# 作者: Colyn         日期: 2022-09-12
# 数据库: MySQL       编码: utf8mb4      引擎: InnoDB      排序: utf8mb4_0900_ai_ci
# ------------------------------------------------------------------------------
# _________
# \_   ___ \______    _____ ______  __  __   ______
#  /    \  \/\__  \  /     \ \___ \ |  ||  \/  ___/
#  \     \____/ __ \|  Y Y  \  |_\ \|  |_|  /\___ \
#   \______  (____  /__|_|  /|   __/|_____//____/ /
#          \/     \/      \/ |__|               \/
# ------------------------------------------------------------------------------

-- DATABASE DEMO TEST --
USE campus_sec_deal;

# #添加campus_user表数据------------------------------------------------------------
INSERT INTO `campus_user`
VALUES ('20220921112494', '汪汪队睡大觉', default, '17543957910', 'sdj@foxmail.com', default, '/imgs/0/zzx.png', 'Admin123'),
       ('20220922034526', '汪汪队离大谱', default, '15824679403', 'ldp@foxmail.com', default, '/imgs/0/yy.png', 'Admin123'),
       ('20220922154423', '汪汪队立大功', default, '15235552924', 'ldg@foxmail.com', default, '/imgs/0/ss.png', 'Admin123'),
       ('20220923080814', '汪汪队吹大牛', default, '18580168005', 'cdn@foxmail.com', default, '/imgs/0/yr.png', 'Admin123'),
       ('20220924120845', '汪汪队熬大夜', default, '18117511057', 'ady@foxmail.com', default, '/imgs/0/mgdz.png', 'Admin123'),
       ('20220253786601', '汪汪队救大命', default, '18356762722', 'jdm@foxmail.com', default, '/imgs/0/ls.png', 'Admin123'),
       ('20221004623855', '汪汪队摸大鱼', default, '17642192545', 'mdy@foxmail.com', default, '/imgs/0/hgf.png', 'Admin123'),
       ('20220699015267', '汪汪队闯大祸', default, '13355447840', 'cdh@foxmail.com', default, '/imgs/0/hb.png', 'Admin123'),
       ('20220228021321', '汪汪队破大防', default, '18999968721', 'pdf@foxmail.com', default, '/imgs/0/gtx.png', 'Admin123');
SELECT * FROM `campus_user`;

#添加campus_publish表数据------------------------------------------------------------
INSERT INTO `campus_publish`
VALUES ('20220181137635', '20220921112494', '17543957910', default, 0, false, '二手华为MateX2', default, 1, 6999.10, 3999.20, 9, '/imgs/1/cc01c3f5-cead-481e-9ac0-ed15d44c486d.png'),
       ('20220326073243', '20220921112494', '17543957910', default, 0, false, '二手华为Mate40', default, 1, 5999.00, 4999.00, 9, '/imgs/1/cc01c3f5-cead-481e-9ac0-ed15d44c486d.png'),
       ('20220459425654', '20220921112494', '17543957910', default, 0, false, '二手捷安特挑战者700', default, 2, 11999.00,6999.14, 8, '/imgs/1/fccb004c-611a-4e16-be47-b13f5258558e.jpg'),
       ('20220302305813', '20220921112494', '17543957910', default, 0, false, '二手美利达山地车', default, 2, 15999.00, 8999.00, 9, '/imgs/1/7b8001bd-e259-4da9-92f6-e0fc4323bf0d.jpg'),
       ('20220794853276', '20220921112494', '17543957910', default, 0, false, '二手显示器', default, 3, 1299.00, 599.00, 7, '/imgs/1/68df3956-67d4-49fd-968c-3b1852c0e776.jpg'),
       ('20220827486094', '20220921112494', '17543957910', default, 0, false, '二手联想拯救者2019', default, 4, 11999.00, 8999.00, 9, '/imgs/1/08a6cb45-a733-4741-874e-e63bfc3c2b57.jpg'),
       ('20220718603327', '20220921112494', '17543957910', default, 0, false, '二手联想拯救者2018', default, 4, 10999.00, 7999.00, 9, '/imgs/1/08a6cb45-a733-4741-874e-e63bfc3c2b57.jpg'),
       ('20220357800686', '20220922034526', '15824679403', default, 0, false, '二手联想拯救者2017', default, 4, 9999.00, 6999.00, 8, '/imgs/1/08a6cb45-a733-4741-874e-e63bfc3c2b57.jpg'),
       ('20220595950099', '20220922034526', '15824679403', default, 0, false, '二手联想拯救者2016', default, 4, 8999.00, 5999.00, 8, '/imgs/1/08a6cb45-a733-4741-874e-e63bfc3c2b57.jpg'),
       ('20220572977149', '20220922034526', '15824679403', default, 1, false, '二手联想拯救者2015', default, 4, 7999.00, 4999.00, 9, '/imgs/2/c92e74f6-584f-4ea3-8603-0d084e8fc0a8.jpg'),
       ('20220322692668', '20220922034526', '15824679403', default, 1, false, '二手联想拯救者2014', default, 4, 6999.00, 4499.00, 8, '/imgs/2/c92e74f6-584f-4ea3-8603-0d084e8fc0a8.jpg'),
       ('20221088216189', '20220922154423', '15235552924', default, 1, false, '二手联想拯救者2020', default, 4, 12999.00, 9999.20, 8, '/imgs/2/c92e74f6-584f-4ea3-8603-0d084e8fc0a8.jpg'),
       ('20220931615022', '20220922154423', '15235552924', default, 0, false, '二手联想拯救者2021', default, 4, 13999.00, 10999.56, 8, '/imgs/1/08a6cb45-a733-4741-874e-e63bfc3c2b57.jpg'),
       ('20221137436933', '20220921112494', '17543957910', default, 0, false, '二手联想拯救者2022', default, 4, 14999.00, 11999.99, 7, '/imgs/1/08a6cb45-a733-4741-874e-e63bfc3c2b57.jpg'),
       ('20221137434531', '20220921112494', '17543957910', default, 0, false, '二手联想拯救者2022', default, 4, 15999.00, 11999.99, 7, '/imgs/1/08a6cb45-a733-4741-874e-e63bfc3c2b57.jpg'),
       ('20220513770970', '20220921112494', '17543957910', default, 1, false, '二手vivoX9', default, 1, 2999.00, 999.00, 9, '/imgs/2/76a2843d-a364-4c06-8e4f-150871913425.jpg'),
       ('20220772479822', '20220921112494', '17543957910', default, 0, false, '二手vivoX10', default, 1, 3699.00, 1999.00, 9, '/imgs/1/10a5d04a-60cb-4235-bb65-5b7045b41b2c.jpg'),
       ('20221060158888', '20220921112494', '17543957910', default, 0, false, '二手vivoX11', default, 1, 3999.00, 2099.00, 9, '/imgs/1/10a5d04a-60cb-4235-bb65-5b7045b41b2c.jpg'),
       ('20221207685843', '20220921112494', '17543957910', default, 1, false, '二手vivoX12', default, 1, 4299.00, 2499.00, 9, '/imgs/2/76a2843d-a364-4c06-8e4f-150871913425.jpg'),
       ('20221146710061', '20220921112494', '17543957910', default, 1, false, '二手vivoX13', default, 1, 4399.00, 2589.00, 9, '/imgs/1/10a5d04a-60cb-4235-bb65-5b7045b41b2c.jpg'),
       ('20220824225249', '20220922034526', '15824679403', default, 0, false, '二手vivoX14', default, 1, 4599.00, 2699.00, 6, '/imgs/1/10a5d04a-60cb-4235-bb65-5b7045b41b2c.jpg'),
       ('20220566102374', '20220921112494', '17543957910', default, 1, false, '二手vivoX15', default, 1, 4799.00, 2799.00, 8, '/imgs/2/76a2843d-a364-4c06-8e4f-150871913425.jpg'),
       ('20220105437940', '20220922034526', '15824679403', default, 0, false, '二手vivoX16', default, 1, 4999.00, 2899.00, 8, '/imgs/1/10a5d04a-60cb-4235-bb65-5b7045b41b2c.jpg'),
       ('20220318177283', '20220922034526', '15824679403', default, 0, false, '二手vivoX17', default, 1, 5199.00, 2999.00, 7, '/imgs/1/28820c9c-58b0-4c0d-8ef2-767b4f267f9d.jpg'),
       ('20221229034948', '20220922034526', '15824679403', default, 0, false, '二手vivoX18', default, 1, 5299.00, 3099.00, 8, '/imgs/1/28820c9c-58b0-4c0d-8ef2-767b4f267f9d.jpg'),
       ('20220619575027', '20220922034526', '15824679403', default, 0, false, '二手vivoX19', default, 1, 5399.00, 3199.00, 9, '/imgs/1/28820c9c-58b0-4c0d-8ef2-767b4f267f9d.jpg'),
       ('20220289980237', '20220922154423', '15235552924', default, 0, false, '二手vivoX20', default, 1, 5499.00, 3259.00, 5, '/imgs/1/28820c9c-58b0-4c0d-8ef2-767b4f267f9d.jpg'),
       ('20220491071055', '20220922154423', '15235552924', default, 0, false, '二手vivoX21', default, 1, 5599.00, 3309.00, 5, '/imgs/1/28820c9c-58b0-4c0d-8ef2-767b4f267f9d.jpg'),
       ('20220933503973', '20220922154423', '15235552924', default, 0, false, '二手vivoX22', default, 1, 5699.00, 3319.00, 6, '/imgs/1/28820c9c-58b0-4c0d-8ef2-767b4f267f9d.jpg'),
       ('20220920955112', '20220922154423', '15235552924', default, 0, default, '二手vivoX23', default, 1, 5799.00, 3349.00, 9, '/imgs/1/28820c9c-58b0-4c0d-8ef2-767b4f267f9d.jpg'),
       ('20220123402701', '20220922034526', '15824679403', default, 0, default, '二手vivoX24', default, 1, 5899.00, 3369.00, 4, '/imgs/1/28820c9c-58b0-4c0d-8ef2-767b4f267f9d.jpg'),
       ('20221229470212', '20220922034526', '15824679403', default, 0, default, '二手vivoX25', default, 1, 5999.00, 3389.00, 9, '/imgs/1/28820c9c-58b0-4c0d-8ef2-767b4f267f9d.jpg'),
       ('20220283269662', '20220922034526', '15824679403', default, 0, default, '二手vivoX26', default, 1, 6099.00, 4299.00, 8, '/imgs/1/28820c9c-58b0-4c0d-8ef2-767b4f267f9d.jpg'),
       ('20221123364051', '20220923080814', '18580168005', default, 0, default, '二手vivoX27', default, 1, 6199.00, 4599.00, 9, '/imgs/1/28820c9c-58b0-4c0d-8ef2-767b4f267f9d.jpg'),
       ('20220785433528', '20220923080814', '18580168005', default, 0, default, '二手vivoX28', default, 1, 6599.00, 4899.00, 9, '/imgs/1/28820c9c-58b0-4c0d-8ef2-767b4f267f9d.jpg'),
       ('20220641295957', '20220923080814', '18580168005', default, 0, default, '二手华为P10', default, 1, 1999.00, 599.00, 9, '/imgs/1/273e1f9f-6b30-4add-bcb9-da53713fbd0e.jpg'),
       ('20220831542406', '20220923080814', '18580168005', default, 0, default, '二手华为P20', default, 1, 2999.00, 999.00, 8, '/imgs/1/273e1f9f-6b30-4add-bcb9-da53713fbd0e.jpg'),
       ('20220620992059', '20220922034526', '15824679403', default, 1, default, '二手华为P30', default, 1, 3999.00, 1299.00, 8, '/imgs/2/107895e1-e54a-4e9f-9d02-18cd5679227f.jpg'),
       ('20220733799595', '20220922034526', '15824679403', default, 0, default, '二手华为P40', default, 1, 4999.00, 2499.00, 9, '/imgs/1/273e1f9f-6b30-4add-bcb9-da53713fbd0e.jpg'),
       ('20220828620883', '20220922034526', '15824679403', default, 1, default, '二手华为P50', default, 1, 5999.00, 2899.00, 9, '/imgs/2/107895e1-e54a-4e9f-9d02-18cd5679227f.jpg'),
       ('20220749303304', '20220922034526', '15824679403', default, 1, default, '二手华为P60', default, 1, 6999.00, 3299.00, 9, '/imgs/2/05f98025-a0cb-440f-804d-e49c90cead46.jpg'),
       ('20220816618165', '20220921112494', '17543957910', default, 0, default, '二手华为P70', default, 1, 7999.00, 3599.00, 9, '/imgs/1/c8ce21fa-4861-40df-961c-9425f10f7e9c.jpg'),
       ('20220843392979', '20220921112494', '17543957910', default, 0, default, '二手华为P80', default, 1, 8999.00, 4069.00, 9, '/imgs/1/c8ce21fa-4861-40df-961c-9425f10f7e9c.jpg'),
       ('20220481244156', '20220921112494', '17543957910', default, 0, default, '二手华为P90', default, 1, 9999.00, 5499.00, 9, '/imgs/1/c8ce21fa-4861-40df-961c-9425f10f7e9c.jpg'),
       ('20220832001515', '20220228021321', '18999968721', default, 0, default, '二手联想小新2016', default, 4, 4999.00, 999.00, 9, '/imgs/1/c252ac76-4aa7-4fcd-957c-521100d0273b.jpg'),
       ('20220881010124', '20220228021321', '18999968721', default, 0, default, '二手联想小新2017', default, 4, 5999.00, 1999.00, 9, '/imgs/1/c252ac76-4aa7-4fcd-957c-521100d0273b.jpg'),
       ('20221224403493', '20220253786601', '18356762722', default, 0, default, '二手联想小新2018', default, 4, 6999.00, 2999.00, 8, '/imgs/1/c252ac76-4aa7-4fcd-957c-521100d0273b.jpg'),
       ('20220339930496', '20220253786601', '18356762722', default, 0, default, '二手联想小新2019', default, 4, 7999.00, 3999.00, 8, '/imgs/1/c252ac76-4aa7-4fcd-957c-521100d0273b.jpg'),
       ('20221069644042', '20220228021321', '18999968721', default, 0, default, '二手联想小新2020', default, 4, 8999.00, 4999.00, 8, '/imgs/1/c252ac76-4aa7-4fcd-957c-521100d0273b.jpg'),
       ('20220190263074', '20221004623855', '17642192545', default, 1, default, '二手联想小新2021', default, 4, 9999.00, 5999.00, 9, '/imgs/2/96521a06-da8f-4ec7-a2e1-0991ea8f901e.jpg'),
       ('20220940788739', '20220921112494', '17543957910', default, 1, default, '二手联想小新2022', default, 4, 10999.00, 6999.00, 9, '/imgs/2/96521a06-da8f-4ec7-a2e1-0991ea8f901e.jpg'),
       ('20221213973030', '20220921112494', '17543957910', default, 0, default, '二手联想小新2023', default, 4, 11999.00, 7999.00, 9, '/imgs/1/c252ac76-4aa7-4fcd-957c-521100d0273b.jpg'),
       ('20220566586761', '20220253786601', '18356762722', default, 0, default, '二手iphone4', default, 1, 2799.00, 199.99, 9, '/imgs/1/110aa8e0-7248-4cbe-b078-c1cc3443a98b.jpg'),
       ('20220483724924', '20220253786601', '18356762722', default, 0, false, '二手iphone5', default, 1, 4699.00, 499.00, 9, '/imgs/1/110aa8e0-7248-4cbe-b078-c1cc3443a98b.jpg'),
       ('20220938637852', '20220253786601', '18356762722', default, 0, default, '二手iphone6', default, 1, 5499.00, 799.00, 9, '/imgs/1/110aa8e0-7248-4cbe-b078-c1cc3443a98b.jpg'),
       ('20220488945766', '20220228021321', '18999968721', default, 0, default, '二手iphone7', default, 1, 6499.00, 999.00, 9, '/imgs/1/110aa8e0-7248-4cbe-b078-c1cc3443a98b.jpg'),
       ('20221178180508', '20221004623855', '17642192545', default, 1, default, '二手iphone8', default, 1, 6999.00, 1199.00, 9, '/imgs/2/0de17b25-aed5-4420-9351-ec71e09d9388.jpg'),
       ('20221149517223', '20221004623855', '17642192545', default, 0, default, '二手iphone9', default, 1, 7999.00, 1599.00, 8, '/imgs/1/9afc8e22-63f9-48c7-ba47-2f4c9452a682.jpg'),
       ('20220749278696', '20220922154423', '15235552924', default, 1, default, '二手iphone10', default, 1, 8999.00, 2599.00, 9, '/imgs/2/35a7f31b-1643-4d78-bb63-16aeb9a633bc.jpg'),
       ('20220495902813', '20220924120845', '18117511057', default, 0, default, '二手iphone11', default, 1, 9999.00, 4999.00, 9, '/imgs/1/9afc8e22-63f9-48c7-ba47-2f4c9452a682.jpg'),
       ('20220377842673', '20220921112494', '17543957910', default, 1, default, '二手惠普暗影精灵', default, 4, 11999.23, 5999.00, 9, '/imgs/2/35a7f31b-1643-4d78-bb63-16aeb9a633bc.jpg');
SELECT * FROM `campus_publish`;

# #添加campus_order表数据------------------------------------------------------------
INSERT INTO `campus_order`
VALUES ('f0483aeb1cb44fbf95f91aeef4c17427', '20220181137635', default, '20220922034526', '15824679403', '华盛顿特区宾夕法尼亚大道1600号', default),
       ('04cc01c6110349ddbf17302e28daf236', '20220326073243', default, '20220922034526', '15824679403', '华盛顿特区宾夕法尼亚大道1610号', default),
       ('1c0039e272d6475bbc10e521e320b958', '20220827486094', default, '20220228021321', '18999968721', '华盛顿特区宾夕法尼亚大道1620号', default),
       ('0a0f47e220ae43d9a5f6d01b7a9ed479', '20220459425654', default, '20220922034526', '15824679403', '华盛顿特区宾夕法尼亚大道1630号', default),
       ('9f47597f1ed141edb1676948b14d1849', '20220794853276', default, '20220228021321', '18999968721', '华盛顿特区宾夕法尼亚大道1640号', default),
       ('1a5bb528b5f6444dacd96d022641ee7c', '20220302305813', default, '20220922034526', '15824679403', '华盛顿特区宾夕法尼亚大道1650号', default),
       ('d442818ba5b643e0ac0782ee6e7dcedf', '20220718603327', default, '20220924120845', '18117511057', '华盛顿特区宾夕法尼亚大道1660号', default),
       ('d78354866d134ba182c57c9e12f940a9', '20220357800686', default, '20220921112494', '17543957910', '华盛顿特区宾夕法尼亚大道1670号', default),
       ('9201265d6efa4586a5149d36e8f47e92', '20220595950099', default, '20220921112494', '17543957910', '华盛顿特区宾夕法尼亚大道1680号', default),
       ('cd1bc67061234522a741ae98ceb3d0c1', '20220572977149', default, '20220921112494', '17543957910', '华盛顿特区宾夕法尼亚大道1690号', default),
       ('6942635870714bd4b50ba36229eb9015', '20220322692668', default, '20220921112494', '17543957910', '华盛顿特区宾夕法尼亚大道1700号', default),
       ('b208b09f05a743b09e20aea1bd021155', '20221088216189', default, '20220921112494', '17543957910', '华盛顿特区宾夕法尼亚大道1710号', default),
       ('a9013bd523604f099f292e851a94e431', '20220931615022', default, '20220921112494', '17543957910', '华盛顿特区宾夕法尼亚大道1720号', default),
       ('1e32b33087f04c1b8cb1168417bc5017', '20221137436933', default, '20220253786601', '18356762722', '华盛顿特区宾夕法尼亚大道1730号', default),
       ('c4d23df0d1d5429eb059d8ad1f7d7e23', '20221137434531', default, '20221004623855', '17642192545', '华盛顿特区宾夕法尼亚大道1740号', default),
       ('6c55edd67ad44300b95b55f891a3032a', '20220513770970', default, '20220253786601', '18356762722', '华盛顿特区宾夕法尼亚大道1750号', default),
       ('67aceca343c841ef908bbd03c01524b5', '20220772479822', default, '20220253786601', '18356762722', '华盛顿特区宾夕法尼亚大道1760号', default),
       ('75e5b114aaaf454aa357fe2c79609f3f', '20221060158888', default, '20221004623855', '17642192545', '华盛顿特区宾夕法尼亚大道1770号', default),
       ('617d17709c0b4ce88441fc21cce97d21', '20221207685843', default, '20220699015267', '13355447840', '华盛顿特区宾夕法尼亚大道1780号', default),
       ('65aa9e7fe97a4398a77dc17c7d94fa2c', '20221146710061', default, '20220228021321', '18999968721', '华盛顿特区宾夕法尼亚大道1790号', default),
       ('4bf05a0ae841462e97806bf157f4ac39', '20220824225249', default, '20220921112494', '17543957910', '华盛顿特区宾夕法尼亚大道1800号', default),
       ('d3d80dd7cbce4b6ab20ba5f929f06125', '20220566102374', default, '20220922034526', '15824679403', '华盛顿特区宾夕法尼亚大道1810号', default),
       ('44d0c9f00b7e410d867a7468cd6ab967', '20220105437940', default, '20220921112494', '17543957910', '华盛顿特区宾夕法尼亚大道1820号', default),
       ('06e7daa8d45f4f1da555d04bd500dd69', '20220318177283', default, '20220921112494', '17543957910', '华盛顿特区宾夕法尼亚大道1830号', default),
       ('9b13b71f01884d4681e92cf2b3ceb97d', '20221229034948', default, '20220921112494', '17543957910', '华盛顿特区宾夕法尼亚大道1840号', default),
       ('74f18aafc1654568b7b3c7114d3b6ec8', '20220619575027', default, '20220921112494', '17543957910', '华盛顿特区宾夕法尼亚大道1850号', default),
       ('f428ef29177642ac9059fc52d77a7e76', '20220289980237', default, '20220921112494', '17543957910', '华盛顿特区宾夕法尼亚大道1860号', default),
       ('e1677896d36648b4ab917e7b13ea4ca5', '20220491071055', default, '20220921112494', '17543957910', '华盛顿特区宾夕法尼亚大道1870号', default),
       ('665af9a4edcc4b6ca19c5243cef295a8', '20220933503973', default, '20220921112494', '17543957910', '华盛顿特区宾夕法尼亚大道1880号', default);
SELECT * FROM `campus_order`;
#
#添加campus_chat表数据------------------------------------------------------------
INSERT INTO `campus_chat`
VALUES (default, default, '20220921112494', '抓你抓你咯！', default, '20220699015267');
SELECT * FROM `campus_chat`;